timeStamp,elapsed,label,responseCode,responseMessage,threadName,dataType,success,failureMessage,bytes,sentBytes,grpThreads,allThreads,URL,Latency,IdleTime,Connect
1763381565690,19410,HTTP Request,500,Internal Server Error,Thread Group 1-33,text,false,,756,139,50,50,http://localhost:7071/api/metricsPerSensor,19410,0,0
1763381564498,81994,HTTP Request,200,OK,Thread Group 1-3,text,true,,210,139,50,50,http://localhost:7071/api/metricsPerSensor,81994,0,1
1763381564452,87915,HTTP Request,200,OK,Thread Group 1-2,text,true,,210,139,50,50,http://localhost:7071/api/metricsPerSensor,87915,0,1
1763381564576,87921,HTTP Request,200,OK,Thread Group 1-5,text,true,,210,139,50,50,http://localhost:7071/api/metricsPerSensor,87921,0,1
1763381564413,89915,HTTP Request,200,OK,Thread Group 1-1,text,true,,210,139,50,50,http://localhost:7071/api/metricsPerSensor,89915,0,2
1763381564973,91458,HTTP Request,200,OK,Thread Group 1-15,text,true,,210,139,50,50,http://localhost:7071/api/metricsPerSensor,91457,0,1
1763381652368,5698,HTTP Request,500,Internal Server Error,Thread Group 1-2,text,false,,527,139,50,50,http://localhost:7071/api/metricsPerSensor,5698,0,1
1763381564622,93783,HTTP Request,200,OK,Thread Group 1-6,text,true,,210,139,50,50,http://localhost:7071/api/metricsPerSensor,93783,0,0
1763381564775,95311,HTTP Request,200,OK,Thread Group 1-10,text,true,,210,139,50,50,http://localhost:7071/api/metricsPerSensor,95311,0,1
1763381564530,97711,HTTP Request,200,OK,Thread Group 1-4,text,true,,210,139,50,50,http://localhost:7071/api/metricsPerSensor,97711,0,1
1763381565730,98810,HTTP Request,200,OK,Thread Group 1-34,text,true,,210,139,50,50,http://localhost:7071/api/metricsPerSensor,98810,0,1
1763381564653,102482,HTTP Request,200,OK,Thread Group 1-7,text,true,,210,139,50,50,http://localhost:7071/api/metricsPerSensor,102482,0,1
1763381566050,102981,HTTP Request,200,OK,Thread Group 1-42,text,true,,210,139,50,50,http://localhost:7071/api/metricsPerSensor,102981,0,1
1763381565019,105398,HTTP Request,200,OK,Thread Group 1-16,text,true,,210,139,50,50,http://localhost:7071/api/metricsPerSensor,105398,0,0
1763381565809,107189,HTTP Request,200,OK,Thread Group 1-36,text,true,,210,139,50,50,http://localhost:7071/api/metricsPerSensor,107189,0,1
1763381565570,107946,HTTP Request,200,OK,Thread Group 1-30,text,true,,210,139,50,50,http://localhost:7071/api/metricsPerSensor,107946,0,1
1763381565769,109748,HTTP Request,200,OK,Thread Group 1-35,text,true,,210,139,50,50,http://localhost:7071/api/metricsPerSensor,109748,0,1
1763381564699,111763,HTTP Request,200,OK,Thread Group 1-8,text,true,,210,139,50,50,http://localhost:7071/api/metricsPerSensor,111763,0,0
1763381564745,113604,HTTP Request,200,OK,Thread Group 1-9,text,true,,210,139,50,50,http://localhost:7071/api/metricsPerSensor,113603,0,1
1763381565410,114314,HTTP Request,200,OK,Thread Group 1-26,text,true,,210,139,50,50,http://localhost:7071/api/metricsPerSensor,114314,0,1
1763381564852,117079,HTTP Request,200,OK,Thread Group 1-12,text,true,,210,139,50,50,http://localhost:7071/api/metricsPerSensor,117079,0,0
1763381564897,118634,HTTP Request,200,OK,Thread Group 1-13,text,true,,210,139,50,50,http://localhost:7071/api/metricsPerSensor,118634,0,1
1763381564820,121711,HTTP Request,200,OK,Thread Group 1-11,text,true,,210,139,50,50,http://localhost:7071/api/metricsPerSensor,121711,0,1
1763381566210,120510,HTTP Request,200,OK,Thread Group 1-46,text,true,,210,139,50,50,http://localhost:7071/api/metricsPerSensor,120510,0,1
1763381565450,124117,HTTP Request,200,OK,Thread Group 1-27,text,true,,210,139,50,50,http://localhost:7071/api/metricsPerSensor,124117,0,1
1763381565344,124610,HTTP Request,200,OK,Thread Group 1-24,text,true,,210,139,50,50,http://localhost:7071/api/metricsPerSensor,124610,0,1
1763381564943,131033,HTTP Request,200,OK,Thread Group 1-14,text,true,,210,139,50,50,http://localhost:7071/api/metricsPerSensor,131033,0,1
1763381565890,130146,HTTP Request,200,OK,Thread Group 1-38,text,true,,210,139,50,50,http://localhost:7071/api/metricsPerSensor,130146,0,1
1763381565065,131992,HTTP Request,200,OK,Thread Group 1-17,text,true,,210,139,50,50,http://localhost:7071/api/metricsPerSensor,131992,0,1
1763381565649,131845,HTTP Request,200,OK,Thread Group 1-32,text,true,,210,139,50,50,http://localhost:7071/api/metricsPerSensor,131845,0,1
1763381565929,133207,HTTP Request,200,OK,Thread Group 1-39,text,true,,210,139,50,50,http://localhost:7071/api/metricsPerSensor,133207,0,1
1763381681931,19182,HTTP Request,500,Internal Server Error,Thread Group 1-12,text,false,,309,139,50,50,http://localhost:7071/api/metricsPerSensor,19182,0,1
1763381565096,136089,HTTP Request,200,OK,Thread Group 1-18,text,true,,210,139,50,50,http://localhost:7071/api/metricsPerSensor,136088,0,0
1763381565389,137612,HTTP Request,200,OK,Thread Group 1-25,text,true,,210,139,50,50,http://localhost:7071/api/metricsPerSensor,137611,0,1
1763381565143,140063,HTTP Request,200,OK,Thread Group 1-19,text,true,,210,139,50,50,http://localhost:7071/api/metricsPerSensor,140063,0,1
1763381566169,141814,HTTP Request,200,OK,Thread Group 1-45,text,true,,210,139,50,50,http://localhost:7071/api/metricsPerSensor,141814,0,1
1763381565298,143804,HTTP Request,200,OK,Thread Group 1-23,text,true,,210,139,50,50,http://localhost:7071/api/metricsPerSensor,143804,0,1
1763381565220,143984,HTTP Request,500,Internal Server Error,Thread Group 1-21,text,false,,444,139,50,50,http://localhost:7071/api/metricsPerSensor,143984,0,1
1763381565850,145162,HTTP Request,200,OK,Thread Group 1-37,text,true,,210,139,50,50,http://localhost:7071/api/metricsPerSensor,145162,0,1
1763381565489,147271,HTTP Request,200,OK,Thread Group 1-28,text,true,,210,139,50,50,http://localhost:7071/api/metricsPerSensor,147271,0,1
1763381565252,149412,HTTP Request,200,OK,Thread Group 1-22,text,true,,210,139,50,50,http://localhost:7071/api/metricsPerSensor,149412,0,0
1763381565530,151181,HTTP Request,200,OK,Thread Group 1-29,text,true,,210,139,50,50,http://localhost:7071/api/metricsPerSensor,151181,0,1
1763381565609,152446,HTTP Request,200,OK,Thread Group 1-31,text,true,,210,139,50,50,http://localhost:7071/api/metricsPerSensor,152446,0,1
1763381565174,154851,HTTP Request,200,OK,Thread Group 1-20,text,true,,210,139,50,50,http://localhost:7071/api/metricsPerSensor,154851,0,1
1763381566089,155870,HTTP Request,200,OK,Thread Group 1-43,text,true,,210,139,50,50,http://localhost:7071/api/metricsPerSensor,155870,0,1
1763381566010,159373,HTTP Request,200,OK,Thread Group 1-41,text,true,,210,139,50,50,http://localhost:7071/api/metricsPerSensor,159373,0,1
1763381566250,159299,HTTP Request,200,OK,Thread Group 1-47,text,true,,210,139,50,50,http://localhost:7071/api/metricsPerSensor,159299,0,1
1763381566129,162472,HTTP Request,200,OK,Thread Group 1-44,text,true,,210,139,50,50,http://localhost:7071/api/metricsPerSensor,162472,0,0
1763381565968,162973,HTTP Request,200,OK,Thread Group 1-40,text,true,,210,139,50,50,http://localhost:7071/api/metricsPerSensor,162973,0,1
1763381566369,164232,HTTP Request,200,OK,Thread Group 1-50,text,true,,210,139,50,50,http://localhost:7071/api/metricsPerSensor,164232,0,1
1763381566289,165892,HTTP Request,200,OK,Thread Group 1-48,text,true,,210,139,50,50,http://localhost:7071/api/metricsPerSensor,165892,0,1
1763381566329,167508,HTTP Request,200,OK,Thread Group 1-49,text,true,,210,139,50,50,http://localhost:7071/api/metricsPerSensor,167508,0,1
1763381714663,19307,HTTP Request,500,Internal Server Error,Thread Group 1-22,text,false,,756,139,50,50,http://localhost:7071/api/metricsPerSensor,19307,0,1
1763381585100,166075,HTTP Request,200,OK,Thread Group 1-33,text,true,,210,139,50,50,http://localhost:7071/api/metricsPerSensor,166075,0,0
1763381646492,167812,HTTP Request,200,OK,Thread Group 1-3,text,true,,210,139,50,50,http://localhost:7071/api/metricsPerSensor,167812,0,1
1763381658404,159341,HTTP Request,200,OK,Thread Group 1-6,text,true,,210,139,50,50,http://localhost:7071/api/metricsPerSensor,159341,0,1
1763381654329,165857,HTTP Request,200,OK,Thread Group 1-1,text,true,,210,139,50,50,http://localhost:7071/api/metricsPerSensor,165857,0,1
1763381652497,169796,HTTP Request,200,OK,Thread Group 1-5,text,true,,210,139,50,50,http://localhost:7071/api/metricsPerSensor,169796,0,1
1763381656430,167834,HTTP Request,200,OK,Thread Group 1-15,text,true,,210,139,50,50,http://localhost:7071/api/metricsPerSensor,167834,0,1
1763381664540,161342,HTTP Request,200,OK,Thread Group 1-34,text,true,,210,139,50,50,http://localhost:7071/api/metricsPerSensor,161342,0,1
1763381658065,170187,HTTP Request,200,OK,Thread Group 1-2,text,true,,210,139,50,50,http://localhost:7071/api/metricsPerSensor,170187,0,0
1763381660086,169995,HTTP Request,200,OK,Thread Group 1-10,text,true,,210,139,50,50,http://localhost:7071/api/metricsPerSensor,169995,0,1
1763381675516,156414,HTTP Request,200,OK,Thread Group 1-35,text,true,,210,139,50,50,http://localhost:7071/api/metricsPerSensor,156414,0,1
1763381662242,171470,HTTP Request,200,OK,Thread Group 1-4,text,true,,210,139,50,50,http://localhost:7071/api/metricsPerSensor,171469,0,1
1763381667135,168375,HTTP Request,200,OK,Thread Group 1-7,text,true,,210,139,50,50,http://localhost:7071/api/metricsPerSensor,168375,0,1
1763381672998,165008,HTTP Request,200,OK,Thread Group 1-36,text,true,,210,139,50,50,http://localhost:7071/api/metricsPerSensor,165008,0,0
1763381673516,166194,HTTP Request,200,OK,Thread Group 1-30,text,true,,210,139,50,50,http://localhost:7071/api/metricsPerSensor,166194,0,1
1763381669031,172823,HTTP Request,200,OK,Thread Group 1-42,text,true,,210,139,50,50,http://localhost:7071/api/metricsPerSensor,172823,0,1
1763381676463,166985,HTTP Request,200,OK,Thread Group 1-8,text,true,,210,139,50,50,http://localhost:7071/api/metricsPerSensor,166985,0,1
1763381699136,146206,HTTP Request,200,OK,Thread Group 1-39,text,true,,210,139,50,50,http://localhost:7071/api/metricsPerSensor,146206,0,1
1763381701114,145840,HTTP Request,200,OK,Thread Group 1-12,text,true,,210,139,50,50,http://localhost:7071/api/metricsPerSensor,145840,0,0
1763381689955,159979,HTTP Request,200,OK,Thread Group 1-24,text,true,,210,139,50,50,http://localhost:7071/api/metricsPerSensor,159979,0,0
1763381678349,171640,HTTP Request,200,OK,Thread Group 1-9,text,true,,210,139,50,50,http://localhost:7071/api/metricsPerSensor,171640,0,1
1763381679725,171946,HTTP Request,200,OK,Thread Group 1-26,text,true,,210,139,50,50,http://localhost:7071/api/metricsPerSensor,171946,0,1
1763381670417,182702,HTTP Request,200,OK,Thread Group 1-16,text,true,,210,139,50,50,http://localhost:7071/api/metricsPerSensor,182701,0,0
1763381686531,168207,HTTP Request,200,OK,Thread Group 1-11,text,true,,210,139,50,50,http://localhost:7071/api/metricsPerSensor,168207,0,1
1763381683531,174073,HTTP Request,200,OK,Thread Group 1-13,text,true,,210,139,50,50,http://localhost:7071/api/metricsPerSensor,174072,0,1
1763381689568,168369,HTTP Request,200,OK,Thread Group 1-27,text,true,,210,139,50,50,http://localhost:7071/api/metricsPerSensor,168369,0,1
1763381709205,152079,HTTP Request,200,OK,Thread Group 1-21,text,true,,210,139,50,50,http://localhost:7071/api/metricsPerSensor,152079,0,1
1763381707983,153431,HTTP Request,200,OK,Thread Group 1-45,text,true,,210,139,50,50,http://localhost:7071/api/metricsPerSensor,153431,0,1
1763381697058,166108,HTTP Request,200,OK,Thread Group 1-17,text,true,,210,139,50,50,http://localhost:7071/api/metricsPerSensor,166108,0,1
1763381712760,151819,HTTP Request,200,OK,Thread Group 1-28,text,true,,210,139,50,50,http://localhost:7071/api/metricsPerSensor,151819,0,1
1763381705207,161260,HTTP Request,200,OK,Thread Group 1-19,text,true,,210,139,50,50,http://localhost:7071/api/metricsPerSensor,161260,0,1
1763381686720,181286,HTTP Request,200,OK,Thread Group 1-46,text,true,,210,139,50,50,http://localhost:7071/api/metricsPerSensor,181285,0,1
1763381697494,172832,HTTP Request,200,OK,Thread Group 1-32,text,true,,210,139,50,50,http://localhost:7071/api/metricsPerSensor,172832,0,1
1763381703001,168002,HTTP Request,200,OK,Thread Group 1-25,text,true,,210,139,50,50,http://localhost:7071/api/metricsPerSensor,168001,0,1
1763381696036,176627,HTTP Request,200,OK,Thread Group 1-38,text,true,,210,139,50,50,http://localhost:7071/api/metricsPerSensor,176627,0,2
1763381701185,173054,HTTP Request,200,OK,Thread Group 1-18,text,true,,210,139,50,50,http://localhost:7071/api/metricsPerSensor,173054,0,1
1763381711011,164617,HTTP Request,200,OK,Thread Group 1-37,text,true,,210,139,50,50,http://localhost:7071/api/metricsPerSensor,164617,0,1
1763381695976,181407,HTTP Request,200,OK,Thread Group 1-14,text,true,,210,139,50,50,http://localhost:7071/api/metricsPerSensor,181407,0,1
1763381709103,171219,HTTP Request,200,OK,Thread Group 1-23,text,true,,210,139,50,50,http://localhost:7071/api/metricsPerSensor,171219,0,1
1763381716712,163807,HTTP Request,200,OK,Thread Group 1-29,text,true,,210,139,50,50,http://localhost:7071/api/metricsPerSensor,163807,0,1
1763381875629,5994,HTTP Request,500,Internal Server Error,Thread Group 1-37,text,false,,527,139,50,50,http://localhost:7071/api/metricsPerSensor,5994,0,1
1763381718055,164462,HTTP Request,200,OK,Thread Group 1-31,text,true,,210,139,50,50,http://localhost:7071/api/metricsPerSensor,164462,0,2
1763381725549,158784,HTTP Request,200,OK,Thread Group 1-47,text,true,,210,139,50,50,http://localhost:7071/api/metricsPerSensor,158784,0,1
1763381728601,158354,HTTP Request,200,OK,Thread Group 1-44,text,true,,210,139,50,50,http://localhost:7071/api/metricsPerSensor,158354,0,1
1763381720026,170839,HTTP Request,200,OK,Thread Group 1-20,text,true,,210,139,50,50,http://localhost:7071/api/metricsPerSensor,170839,0,1
1763381728942,162046,HTTP Request,200,OK,Thread Group 1-40,text,true,,210,139,50,50,http://localhost:7071/api/metricsPerSensor,162046,0,1
1763381814305,77186,HTTP Request,500,Internal Server Error,Thread Group 1-3,text,false,,444,139,50,50,http://localhost:7071/api/metricsPerSensor,77186,0,2
1763381725384,166110,HTTP Request,200,OK,Thread Group 1-41,text,true,,210,139,50,50,http://localhost:7071/api/metricsPerSensor,166110,0,1
1763381721960,171754,HTTP Request,200,OK,Thread Group 1-43,text,true,,210,139,50,50,http://localhost:7071/api/metricsPerSensor,171754,0,1
1763381733837,161394,HTTP Request,200,OK,Thread Group 1-49,text,true,,210,139,50,50,http://localhost:7071/api/metricsPerSensor,161394,0,1
1763381732181,164101,HTTP Request,200,OK,Thread Group 1-48,text,true,,210,139,50,50,http://localhost:7071/api/metricsPerSensor,164101,0,1
1763381733972,164262,HTTP Request,200,OK,Thread Group 1-22,text,true,,210,139,50,50,http://localhost:7071/api/metricsPerSensor,164262,0,0
1763381730602,169549,HTTP Request,200,OK,Thread Group 1-50,text,true,,210,139,50,50,http://localhost:7071/api/metricsPerSensor,169549,0,1
1763381751177,165397,HTTP Request,200,OK,Thread Group 1-33,text,true,,210,139,50,50,http://localhost:7071/api/metricsPerSensor,165397,0,1
1763381817747,161784,HTTP Request,200,OK,Thread Group 1-6,text,true,,210,139,50,50,http://localhost:7071/api/metricsPerSensor,161784,0,1
1763381825882,155954,HTTP Request,200,OK,Thread Group 1-34,text,true,,210,139,50,50,http://localhost:7071/api/metricsPerSensor,155954,0,1
1763381820186,164303,HTTP Request,200,OK,Thread Group 1-1,text,true,,210,139,50,50,http://localhost:7071/api/metricsPerSensor,164303,0,2
1763381824265,161938,HTTP Request,200,OK,Thread Group 1-15,text,true,,210,139,50,50,http://localhost:7071/api/metricsPerSensor,161938,0,1
1763381831931,156094,HTTP Request,200,OK,Thread Group 1-35,text,true,,210,139,50,50,http://localhost:7071/api/metricsPerSensor,156094,0,1
1763381822292,167732,HTTP Request,200,OK,Thread Group 1-5,text,true,,210,139,50,50,http://localhost:7071/api/metricsPerSensor,167732,0,1
1763381833712,158825,HTTP Request,200,OK,Thread Group 1-4,text,true,,210,139,50,50,http://localhost:7071/api/metricsPerSensor,158825,0,1
1763381828254,166586,HTTP Request,200,OK,Thread Group 1-2,text,true,,210,139,50,50,http://localhost:7071/api/metricsPerSensor,166586,0,1
1763381835512,160325,HTTP Request,200,OK,Thread Group 1-7,text,true,,210,139,50,50,http://localhost:7071/api/metricsPerSensor,160325,0,1
1763381830083,168251,HTTP Request,200,OK,Thread Group 1-10,text,true,,210,139,50,50,http://localhost:7071/api/metricsPerSensor,168251,0,1
1763381846954,153654,HTTP Request,200,OK,Thread Group 1-12,text,true,,210,139,50,50,http://localhost:7071/api/metricsPerSensor,153654,0,1
1763381838007,164210,HTTP Request,200,OK,Thread Group 1-36,text,true,,210,139,50,50,http://localhost:7071/api/metricsPerSensor,164210,0,1
1763381839710,166108,HTTP Request,200,OK,Thread Group 1-30,text,true,,210,139,50,50,http://localhost:7071/api/metricsPerSensor,166108,0,1
1763381845343,160684,HTTP Request,200,OK,Thread Group 1-39,text,true,,210,139,50,50,http://localhost:7071/api/metricsPerSensor,160684,0,1
1763381841856,165801,HTTP Request,200,OK,Thread Group 1-42,text,true,,210,139,50,50,http://localhost:7071/api/metricsPerSensor,165801,0,1
1763381853120,156116,HTTP Request,200,OK,Thread Group 1-16,text,true,,210,139,50,50,http://localhost:7071/api/metricsPerSensor,156116,0,1
1763381857938,153021,HTTP Request,200,OK,Thread Group 1-27,text,true,,210,139,50,50,http://localhost:7071/api/metricsPerSensor,153021,0,1
1763381854738,157974,HTTP Request,200,OK,Thread Group 1-11,text,true,,210,139,50,50,http://localhost:7071/api/metricsPerSensor,157974,0,1
1763381843448,171006,HTTP Request,200,OK,Thread Group 1-8,text,true,,210,139,50,50,http://localhost:7071/api/metricsPerSensor,171006,0,1
1763381851671,165924,HTTP Request,200,OK,Thread Group 1-26,text,true,,210,139,50,50,http://localhost:7071/api/metricsPerSensor,165924,0,1
1763381864581,153211,HTTP Request,200,OK,Thread Group 1-28,text,true,,210,139,50,50,http://localhost:7071/api/metricsPerSensor,153211,0,1
1763381857605,163085,HTTP Request,200,OK,Thread Group 1-13,text,true,,210,139,50,50,http://localhost:7071/api/metricsPerSensor,163085,0,1
1763381849935,170814,HTTP Request,200,OK,Thread Group 1-24,text,true,,210,139,50,50,http://localhost:7071/api/metricsPerSensor,170813,0,1
1763381849990,173385,HTTP Request,200,OK,Thread Group 1-9,text,true,,210,139,50,50,http://localhost:7071/api/metricsPerSensor,173385,0,0
1763381872662,151328,HTTP Request,200,OK,Thread Group 1-38,text,true,,210,139,50,50,http://localhost:7071/api/metricsPerSensor,151328,0,1
1763381880323,146564,HTTP Request,200,OK,Thread Group 1-23,text,true,,210,139,50,50,http://localhost:7071/api/metricsPerSensor,146564,0,1
1763381871002,156068,HTTP Request,200,OK,Thread Group 1-25,text,true,,210,139,50,50,http://localhost:7071/api/metricsPerSensor,156068,0,1
1763381861414,167913,HTTP Request,200,OK,Thread Group 1-45,text,true,,210,139,50,50,http://localhost:7071/api/metricsPerSensor,167913,0,1
1763381868005,162290,HTTP Request,200,OK,Thread Group 1-46,text,true,,210,139,50,50,http://localhost:7071/api/metricsPerSensor,162290,0,1
1763381874239,160662,HTTP Request,200,OK,Thread Group 1-18,text,true,,210,139,50,50,http://localhost:7071/api/metricsPerSensor,160662,0,1
1763381861284,173928,HTTP Request,200,OK,Thread Group 1-21,text,true,,210,139,50,50,http://localhost:7071/api/metricsPerSensor,173928,0,1
1763381866467,168809,HTTP Request,200,OK,Thread Group 1-19,text,true,,210,139,50,50,http://localhost:7071/api/metricsPerSensor,168809,0,1
1763381880519,156386,HTTP Request,200,OK,Thread Group 1-29,text,true,,210,139,50,50,http://localhost:7071/api/metricsPerSensor,156386,0,1
1763381870326,168598,HTTP Request,200,OK,Thread Group 1-32,text,true,,210,139,50,50,http://localhost:7071/api/metricsPerSensor,168598,0,1
1763381881624,158830,HTTP Request,200,OK,Thread Group 1-37,text,true,,210,139,50,50,http://localhost:7071/api/metricsPerSensor,158830,0,0
1763381863167,178996,HTTP Request,200,OK,Thread Group 1-17,text,true,,210,139,50,50,http://localhost:7071/api/metricsPerSensor,178996,0,0
1763381877383,168209,HTTP Request,200,OK,Thread Group 1-14,text,true,,210,139,50,50,http://localhost:7071/api/metricsPerSensor,168209,0,1
1763381884334,161314,HTTP Request,200,OK,Thread Group 1-47,text,true,,210,139,50,50,http://localhost:7071/api/metricsPerSensor,161314,0,1
1763381893713,154362,HTTP Request,200,OK,Thread Group 1-43,text,true,,210,139,50,50,http://localhost:7071/api/metricsPerSensor,154361,0,1
1763381890988,159241,HTTP Request,200,OK,Thread Group 1-40,text,true,,210,139,50,50,http://localhost:7071/api/metricsPerSensor,159241,0,0
1763381895230,156354,HTTP Request,200,OK,Thread Group 1-49,text,true,,210,139,50,50,http://localhost:7071/api/metricsPerSensor,156354,0,1
1763381886956,167758,HTTP Request,200,OK,Thread Group 1-44,text,true,,210,139,50,50,http://localhost:7071/api/metricsPerSensor,167758,0,1
1763381896283,158539,HTTP Request,200,OK,Thread Group 1-48,text,true,,210,139,50,50,http://localhost:7071/api/metricsPerSensor,158539,0,1
1763381891491,165187,HTTP Request,200,OK,Thread Group 1-3,text,true,,210,139,50,50,http://localhost:7071/api/metricsPerSensor,165187,0,1
1763381882518,175796,HTTP Request,200,OK,Thread Group 1-31,text,true,,210,139,50,50,http://localhost:7071/api/metricsPerSensor,175796,0,1
1763381891493,168509,HTTP Request,200,OK,Thread Group 1-41,text,true,,210,139,50,50,http://localhost:7071/api/metricsPerSensor,168509,0,1
1763381890865,170913,HTTP Request,200,OK,Thread Group 1-20,text,true,,210,139,50,50,http://localhost:7071/api/metricsPerSensor,170913,0,1
1763381900152,164868,HTTP Request,200,OK,Thread Group 1-50,text,true,,210,139,50,50,http://localhost:7071/api/metricsPerSensor,164868,0,1
1763381898234,166842,HTTP Request,200,OK,Thread Group 1-22,text,true,,210,139,50,50,http://localhost:7071/api/metricsPerSensor,166842,0,1
1763381916575,165818,HTTP Request,200,OK,Thread Group 1-33,text,true,,210,139,50,50,http://localhost:7071/api/metricsPerSensor,165818,0,1
1763381981837,159697,HTTP Request,200,OK,Thread Group 1-34,text,true,,210,139,50,50,http://localhost:7071/api/metricsPerSensor,159697,0,1
1763381979532,165529,HTTP Request,200,OK,Thread Group 1-6,text,true,,210,139,50,50,http://localhost:7071/api/metricsPerSensor,165529,0,2
1763381984489,161219,HTTP Request,200,OK,Thread Group 1-1,text,true,,210,139,50,50,http://localhost:7071/api/metricsPerSensor,161219,0,1
1763382000609,149473,HTTP Request,200,OK,Thread Group 1-12,text,true,,210,139,50,50,http://localhost:7071/api/metricsPerSensor,149473,0,0
1763381986205,165939,HTTP Request,200,OK,Thread Group 1-15,text,true,,210,139,50,50,http://localhost:7071/api/metricsPerSensor,165938,0,1
1763381988026,165782,HTTP Request,200,OK,Thread Group 1-35,text,true,,210,139,50,50,http://localhost:7071/api/metricsPerSensor,165782,0,1
1763381994840,161438,HTTP Request,200,OK,Thread Group 1-2,text,true,,210,139,50,50,http://localhost:7071/api/metricsPerSensor,161438,0,1
1763381998334,160166,HTTP Request,200,OK,Thread Group 1-10,text,true,,210,139,50,50,http://localhost:7071/api/metricsPerSensor,160166,0,1
1763382010960,149476,HTTP Request,200,OK,Thread Group 1-27,text,true,,210,139,50,50,http://localhost:7071/api/metricsPerSensor,149476,0,1
1763381995837,166905,HTTP Request,200,OK,Thread Group 1-7,text,true,,210,139,50,50,http://localhost:7071/api/metricsPerSensor,166904,0,1
1763382002218,162251,HTTP Request,200,OK,Thread Group 1-36,text,true,,210,139,50,50,http://localhost:7071/api/metricsPerSensor,162251,0,2
1763381990026,176037,HTTP Request,200,OK,Thread Group 1-5,text,true,,210,139,50,50,http://localhost:7071/api/metricsPerSensor,176037,0,1
1763381992537,175307,HTTP Request,200,OK,Thread Group 1-4,text,true,,210,139,50,50,http://localhost:7071/api/metricsPerSensor,175307,0,2
1763382005819,163842,HTTP Request,200,OK,Thread Group 1-30,text,true,,210,139,50,50,http://localhost:7071/api/metricsPerSensor,163842,0,1
1763382009237,162793,HTTP Request,200,OK,Thread Group 1-16,text,true,,210,139,50,50,http://localhost:7071/api/metricsPerSensor,162793,0,1
1763382042162,131657,HTTP Request,200,OK,Thread Group 1-17,text,true,,210,139,50,50,http://localhost:7071/api/metricsPerSensor,131657,0,2
1763382007658,168239,HTTP Request,200,OK,Thread Group 1-42,text,true,,210,139,50,50,http://localhost:7071/api/metricsPerSensor,168239,0,0
1763382020749,157852,HTTP Request,200,OK,Thread Group 1-24,text,true,,210,139,50,50,http://localhost:7071/api/metricsPerSensor,157852,0,1
1763382023992,155217,HTTP Request,200,OK,Thread Group 1-38,text,true,,210,139,50,50,http://localhost:7071/api/metricsPerSensor,155217,0,1
1763382020690,160256,HTTP Request,200,OK,Thread Group 1-13,text,true,,210,139,50,50,http://localhost:7071/api/metricsPerSensor,160256,0,1
1763382017792,164905,HTTP Request,200,OK,Thread Group 1-28,text,true,,210,139,50,50,http://localhost:7071/api/metricsPerSensor,164905,0,1
1763382014455,171213,HTTP Request,200,OK,Thread Group 1-8,text,true,,210,139,50,50,http://localhost:7071/api/metricsPerSensor,171212,0,1
1763382023376,162465,HTTP Request,200,OK,Thread Group 1-9,text,true,,210,139,50,50,http://localhost:7071/api/metricsPerSensor,162465,0,0
1763382012712,174612,HTTP Request,200,OK,Thread Group 1-11,text,true,,210,139,50,50,http://localhost:7071/api/metricsPerSensor,174612,0,1
1763382030296,158864,HTTP Request,200,OK,Thread Group 1-46,text,true,,210,139,50,50,http://localhost:7071/api/metricsPerSensor,158864,0,1
1763382026886,165739,HTTP Request,200,OK,Thread Group 1-23,text,true,,210,139,50,50,http://localhost:7071/api/metricsPerSensor,165739,0,1
1763382017595,175509,HTTP Request,200,OK,Thread Group 1-26,text,true,,210,139,50,50,http://localhost:7071/api/metricsPerSensor,175509,0,2
1763382056679,138275,HTTP Request,200,OK,Thread Group 1-3,text,true,,210,139,50,50,http://localhost:7071/api/metricsPerSensor,138275,0,1
1763382006028,190640,HTTP Request,200,OK,Thread Group 1-39,text,true,,210,139,50,50,http://localhost:7071/api/metricsPerSensor,190640,0,0
1763382034903,163674,HTTP Request,200,OK,Thread Group 1-18,text,true,,210,139,50,50,http://localhost:7071/api/metricsPerSensor,163674,0,0
1763382035278,166899,HTTP Request,200,OK,Thread Group 1-19,text,true,,210,139,50,50,http://localhost:7071/api/metricsPerSensor,166899,0,1
1763382048076,154232,HTTP Request,200,OK,Thread Group 1-43,text,true,,210,139,50,50,http://localhost:7071/api/metricsPerSensor,154232,0,1
1763382040455,162857,HTTP Request,200,OK,Thread Group 1-37,text,true,,210,139,50,50,http://localhost:7071/api/metricsPerSensor,162857,0,1
1763382027070,177854,HTTP Request,200,OK,Thread Group 1-25,text,true,,210,139,50,50,http://localhost:7071/api/metricsPerSensor,177854,0,1
1763382029327,177405,HTTP Request,200,OK,Thread Group 1-45,text,true,,210,139,50,50,http://localhost:7071/api/metricsPerSensor,177405,0,1
1763382036906,171569,HTTP Request,200,OK,Thread Group 1-29,text,true,,210,139,50,50,http://localhost:7071/api/metricsPerSensor,171568,0,1
1763382045648,165593,HTTP Request,200,OK,Thread Group 1-47,text,true,,210,139,50,50,http://localhost:7071/api/metricsPerSensor,165593,0,1
1763382038925,172911,HTTP Request,200,OK,Thread Group 1-32,text,true,,210,139,50,50,http://localhost:7071/api/metricsPerSensor,172911,0,1
1763382035212,178344,HTTP Request,200,OK,Thread Group 1-21,text,true,,210,139,50,50,http://localhost:7071/api/metricsPerSensor,178344,0,1
1763382061778,153324,HTTP Request,200,OK,Thread Group 1-20,text,true,,210,139,50,50,http://localhost:7071/api/metricsPerSensor,153324,0,1
1763382050230,167190,HTTP Request,200,OK,Thread Group 1-40,text,true,,210,139,50,50,http://localhost:7071/api/metricsPerSensor,167190,0,1
1763382054822,164348,HTTP Request,200,OK,Thread Group 1-48,text,true,,210,139,50,50,http://localhost:7071/api/metricsPerSensor,164348,0,1
1763382051584,169370,HTTP Request,200,OK,Thread Group 1-49,text,true,,210,139,50,50,http://localhost:7071/api/metricsPerSensor,169370,0,1
1763382058314,164240,HTTP Request,200,OK,Thread Group 1-31,text,true,,210,139,50,50,http://localhost:7071/api/metricsPerSensor,164240,0,1
1763382045592,178566,HTTP Request,200,OK,Thread Group 1-14,text,true,,210,139,50,50,http://localhost:7071/api/metricsPerSensor,178566,0,1
1763382054713,171444,HTTP Request,200,OK,Thread Group 1-44,text,true,,210,139,50,50,http://localhost:7071/api/metricsPerSensor,171443,0,1
1763382060003,168270,HTTP Request,200,OK,Thread Group 1-41,text,true,,210,139,50,50,http://localhost:7071/api/metricsPerSensor,168270,0,1
1763382065021,165473,HTTP Request,200,OK,Thread Group 1-50,text,true,,210,139,50,50,http://localhost:7071/api/metricsPerSensor,165473,0,1
1763382065077,167092,HTTP Request,200,OK,Thread Group 1-22,text,true,,210,139,50,50,http://localhost:7071/api/metricsPerSensor,167092,0,1
1763382082393,165322,HTTP Request,200,OK,Thread Group 1-33,text,true,,210,139,50,50,http://localhost:7071/api/metricsPerSensor,165322,0,2
1763382141534,166848,HTTP Request,200,OK,Thread Group 1-34,text,true,,210,139,50,50,http://localhost:7071/api/metricsPerSensor,166848,0,2
1763382145062,166183,HTTP Request,200,OK,Thread Group 1-6,text,true,,210,139,50,50,http://localhost:7071/api/metricsPerSensor,166183,0,0
1763382145708,168119,HTTP Request,200,OK,Thread Group 1-1,text,true,,210,139,50,50,http://localhost:7071/api/metricsPerSensor,168119,0,1
1763382153809,161544,HTTP Request,200,OK,Thread Group 1-35,text,true,,210,139,50,50,http://localhost:7071/api/metricsPerSensor,161544,0,0
1763382152144,167741,HTTP Request,200,OK,Thread Group 1-15,text,true,,210,139,50,50,http://localhost:7071/api/metricsPerSensor,167741,0,1
1763382156280,165617,HTTP Request,200,OK,Thread Group 1-2,text,true,,210,139,50,50,http://localhost:7071/api/metricsPerSensor,165617,0,1
1763382150083,173787,HTTP Request,200,OK,Thread Group 1-12,text,true,,210,139,50,50,http://localhost:7071/api/metricsPerSensor,173787,0,1
1763382166064,160128,HTTP Request,200,OK,Thread Group 1-5,text,true,,210,139,50,50,http://localhost:7071/api/metricsPerSensor,160128,0,1
1763382158500,169667,HTTP Request,200,OK,Thread Group 1-10,text,true,,210,139,50,50,http://localhost:7071/api/metricsPerSensor,169667,0,1
1763382160436,171196,HTTP Request,200,OK,Thread Group 1-27,text,true,,210,139,50,50,http://localhost:7071/api/metricsPerSensor,171196,0,1
1763382167844,164466,HTTP Request,200,OK,Thread Group 1-4,text,true,,210,139,50,50,http://localhost:7071/api/metricsPerSensor,164466,0,1
1763382164469,170955,HTTP Request,200,OK,Thread Group 1-36,text,true,,210,139,50,50,http://localhost:7071/api/metricsPerSensor,170955,0,1
1763382162742,172756,HTTP Request,200,OK,Thread Group 1-7,text,true,,210,139,50,50,http://localhost:7071/api/metricsPerSensor,172756,0,1
1763382169662,167547,HTTP Request,200,OK,Thread Group 1-30,text,true,,210,139,50,50,http://localhost:7071/api/metricsPerSensor,167547,0,1
1763382172030,167006,HTTP Request,200,OK,Thread Group 1-16,text,true,,210,139,50,50,http://localhost:7071/api/metricsPerSensor,167006,0,2
1763382194955,145832,HTTP Request,200,OK,Thread Group 1-3,text,true,,210,139,50,50,http://localhost:7071/api/metricsPerSensor,145832,0,1
1763382175898,166813,HTTP Request,200,OK,Thread Group 1-42,text,true,,210,139,50,50,http://localhost:7071/api/metricsPerSensor,166813,0,1
1763382179208,165650,HTTP Request,200,OK,Thread Group 1-38,text,true,,210,139,50,50,http://localhost:7071/api/metricsPerSensor,165650,0,2
1763382180946,165566,HTTP Request,200,OK,Thread Group 1-13,text,true,,210,139,50,50,http://localhost:7071/api/metricsPerSensor,165566,0,1
1763382178601,169605,HTTP Request,200,OK,Thread Group 1-24,text,true,,210,139,50,50,http://localhost:7071/api/metricsPerSensor,169605,0,0
1763382192627,158850,HTTP Request,200,OK,Thread Group 1-23,text,true,,210,139,50,50,http://localhost:7071/api/metricsPerSensor,158850,0,1
1763382185667,166131,HTTP Request,200,OK,Thread Group 1-8,text,true,,210,139,50,50,http://localhost:7071/api/metricsPerSensor,166131,0,1
1763382185841,167344,HTTP Request,200,OK,Thread Group 1-9,text,true,,210,139,50,50,http://localhost:7071/api/metricsPerSensor,167344,0,1
1763382173821,181153,HTTP Request,200,OK,Thread Group 1-17,text,true,,210,139,50,50,http://localhost:7071/api/metricsPerSensor,181153,0,1
1763382196668,160162,HTTP Request,200,OK,Thread Group 1-39,text,true,,210,139,50,50,http://localhost:7071/api/metricsPerSensor,160161,0,1
1763382189161,169346,HTTP Request,200,OK,Thread Group 1-46,text,true,,210,139,50,50,http://localhost:7071/api/metricsPerSensor,169346,0,1
1763382182696,177400,HTTP Request,200,OK,Thread Group 1-28,text,true,,210,139,50,50,http://localhost:7071/api/metricsPerSensor,177400,0,1
1763382187325,174389,HTTP Request,200,OK,Thread Group 1-11,text,true,,210,139,50,50,http://localhost:7071/api/metricsPerSensor,174389,0,2
1763382198578,164760,HTTP Request,200,OK,Thread Group 1-18,text,true,,210,139,50,50,http://localhost:7071/api/metricsPerSensor,164760,0,1
1763382202177,164289,HTTP Request,200,OK,Thread Group 1-19,text,true,,210,139,50,50,http://localhost:7071/api/metricsPerSensor,164289,0,2
1763382193105,173734,HTTP Request,200,OK,Thread Group 1-26,text,true,,210,139,50,50,http://localhost:7071/api/metricsPerSensor,173734,0,1
1763382202308,166892,HTTP Request,200,OK,Thread Group 1-43,text,true,,210,139,50,50,http://localhost:7071/api/metricsPerSensor,166892,0,1
1763382204926,165914,HTTP Request,200,OK,Thread Group 1-25,text,true,,210,139,50,50,http://localhost:7071/api/metricsPerSensor,165913,0,1
1763382211837,160686,HTTP Request,200,OK,Thread Group 1-32,text,true,,210,139,50,50,http://localhost:7071/api/metricsPerSensor,160686,0,1
1763382206734,167532,HTTP Request,200,OK,Thread Group 1-45,text,true,,210,139,50,50,http://localhost:7071/api/metricsPerSensor,167532,0,1
1763382203312,174099,HTTP Request,200,OK,Thread Group 1-37,text,true,,210,139,50,50,http://localhost:7071/api/metricsPerSensor,174099,0,1
1763382211243,166292,HTTP Request,200,OK,Thread Group 1-47,text,true,,210,139,50,50,http://localhost:7071/api/metricsPerSensor,166292,0,1
1763382208475,171366,HTTP Request,200,OK,Thread Group 1-29,text,true,,210,139,50,50,http://localhost:7071/api/metricsPerSensor,171366,0,1
1763382215102,166569,HTTP Request,200,OK,Thread Group 1-20,text,true,,210,139,50,50,http://localhost:7071/api/metricsPerSensor,166569,0,1
1763382217420,168255,HTTP Request,200,OK,Thread Group 1-40,text,true,,210,139,50,50,http://localhost:7071/api/metricsPerSensor,168254,0,1
1763382213557,172771,HTTP Request,200,OK,Thread Group 1-21,text,true,,210,139,50,50,http://localhost:7071/api/metricsPerSensor,172771,0,1
1763382224160,162808,HTTP Request,200,OK,Thread Group 1-14,text,true,,210,139,50,50,http://localhost:7071/api/metricsPerSensor,162808,0,1
1763382219172,169876,HTTP Request,200,OK,Thread Group 1-48,text,true,,210,139,50,50,http://localhost:7071/api/metricsPerSensor,169876,0,1
1763382220955,169984,HTTP Request,200,OK,Thread Group 1-49,text,true,,210,139,50,50,http://localhost:7071/api/metricsPerSensor,169984,0,1
1763382222554,170162,HTTP Request,200,OK,Thread Group 1-31,text,true,,210,139,50,50,http://localhost:7071/api/metricsPerSensor,170161,0,2
1763382226158,168179,HTTP Request,200,OK,Thread Group 1-44,text,true,,210,139,50,50,http://localhost:7071/api/metricsPerSensor,168179,0,1
1763382228274,167766,HTTP Request,200,OK,Thread Group 1-41,text,true,,210,139,50,50,http://localhost:7071/api/metricsPerSensor,167765,0,1
1763382230494,167511,HTTP Request,200,OK,Thread Group 1-50,text,true,,210,139,50,50,http://localhost:7071/api/metricsPerSensor,167511,0,1
1763382232170,168163,HTTP Request,200,OK,Thread Group 1-22,text,true,,210,139,50,50,http://localhost:7071/api/metricsPerSensor,168163,0,1
1763382247715,167803,HTTP Request,200,OK,Thread Group 1-33,text,true,,210,139,50,50,http://localhost:7071/api/metricsPerSensor,167803,0,2
1763382308383,163451,HTTP Request,200,OK,Thread Group 1-34,text,true,,210,139,50,50,http://localhost:7071/api/metricsPerSensor,163451,0,1
1763382315353,160985,HTTP Request,200,OK,Thread Group 1-35,text,true,,210,139,50,50,http://localhost:7071/api/metricsPerSensor,160985,0,1
1763382313827,165755,HTTP Request,200,OK,Thread Group 1-1,text,true,,210,139,50,50,http://localhost:7071/api/metricsPerSensor,165755,0,1
1763382311245,170265,HTTP Request,200,OK,Thread Group 1-6,text,true,,210,139,50,50,http://localhost:7071/api/metricsPerSensor,170265,0,1
1763382319886,165880,HTTP Request,200,OK,Thread Group 1-15,text,true,,210,139,50,50,http://localhost:7071/api/metricsPerSensor,165880,0,1
1763382321898,166333,HTTP Request,200,OK,Thread Group 1-2,text,true,,210,139,50,50,http://localhost:7071/api/metricsPerSensor,166333,0,1
1763382323871,166686,HTTP Request,200,OK,Thread Group 1-12,text,true,,210,139,50,50,http://localhost:7071/api/metricsPerSensor,166685,0,1
1763382326193,166042,HTTP Request,200,OK,Thread Group 1-5,text,true,,210,139,50,50,http://localhost:7071/api/metricsPerSensor,166042,0,1
1763382328168,165880,HTTP Request,200,OK,Thread Group 1-10,text,true,,210,139,50,50,http://localhost:7071/api/metricsPerSensor,165880,0,1
1763382342712,153317,HTTP Request,200,OK,Thread Group 1-42,text,true,,210,139,50,50,http://localhost:7071/api/metricsPerSensor,153317,0,1
1763382335499,163104,HTTP Request,200,OK,Thread Group 1-7,text,true,,210,139,50,50,http://localhost:7071/api/metricsPerSensor,163104,0,1
1763382332310,168094,HTTP Request,200,OK,Thread Group 1-4,text,true,,210,139,50,50,http://localhost:7071/api/metricsPerSensor,168094,0,2
1763382337209,165543,HTTP Request,200,OK,Thread Group 1-30,text,true,,210,139,50,50,http://localhost:7071/api/metricsPerSensor,165543,0,1
1763382335425,169019,HTTP Request,200,OK,Thread Group 1-36,text,true,,210,139,50,50,http://localhost:7071/api/metricsPerSensor,169019,0,1
1763382354975,152364,HTTP Request,200,OK,Thread Group 1-17,text,true,,210,139,50,50,http://localhost:7071/api/metricsPerSensor,152364,0,1
1763382339036,168765,HTTP Request,200,OK,Thread Group 1-16,text,true,,210,139,50,50,http://localhost:7071/api/metricsPerSensor,168765,0,2
1763382331633,177631,HTTP Request,200,OK,Thread Group 1-27,text,true,,210,139,50,50,http://localhost:7071/api/metricsPerSensor,177631,0,1
1763382344859,169408,HTTP Request,200,OK,Thread Group 1-38,text,true,,210,139,50,50,http://localhost:7071/api/metricsPerSensor,169408,0,2
1763382366466,148419,HTTP Request,200,OK,Thread Group 1-19,text,true,,210,139,50,50,http://localhost:7071/api/metricsPerSensor,148419,0,2
1763382340786,174405,HTTP Request,200,OK,Thread Group 1-3,text,true,,210,139,50,50,http://localhost:7071/api/metricsPerSensor,174405,0,1
1763382346514,170934,HTTP Request,200,OK,Thread Group 1-13,text,true,,210,139,50,50,http://localhost:7071/api/metricsPerSensor,170933,0,1
1763382351476,168646,HTTP Request,200,OK,Thread Group 1-23,text,true,,210,139,50,50,http://localhost:7071/api/metricsPerSensor,168646,0,1
1763382361715,159093,HTTP Request,200,OK,Thread Group 1-11,text,true,,210,139,50,50,http://localhost:7071/api/metricsPerSensor,159093,0,1
1763382356830,165749,HTTP Request,200,OK,Thread Group 1-39,text,true,,210,139,50,50,http://localhost:7071/api/metricsPerSensor,165749,0,2
1763382351799,172605,HTTP Request,200,OK,Thread Group 1-8,text,true,,210,139,50,50,http://localhost:7071/api/metricsPerSensor,172605,0,1
1763382348207,178000,HTTP Request,200,OK,Thread Group 1-24,text,true,,210,139,50,50,http://localhost:7071/api/metricsPerSensor,178000,0,1
1763382358508,170734,HTTP Request,200,OK,Thread Group 1-46,text,true,,210,139,50,50,http://localhost:7071/api/metricsPerSensor,170734,0,1
1763382360098,169423,HTTP Request,200,OK,Thread Group 1-28,text,true,,210,139,50,50,http://localhost:7071/api/metricsPerSensor,169423,0,1
1763382363339,169243,HTTP Request,200,OK,Thread Group 1-18,text,true,,210,139,50,50,http://localhost:7071/api/metricsPerSensor,169243,0,1
1763382372523,160119,HTTP Request,200,OK,Thread Group 1-32,text,true,,210,139,50,50,http://localhost:7071/api/metricsPerSensor,160119,0,1
1763382353187,181290,HTTP Request,200,OK,Thread Group 1-9,text,true,,210,139,50,50,http://localhost:7071/api/metricsPerSensor,181290,0,1
1763382369201,166883,HTTP Request,200,OK,Thread Group 1-43,text,true,,210,139,50,50,http://localhost:7071/api/metricsPerSensor,166883,0,1
1763382377412,160470,HTTP Request,200,OK,Thread Group 1-37,text,true,,210,139,50,50,http://localhost:7071/api/metricsPerSensor,160470,0,1
1763382370840,169283,HTTP Request,200,OK,Thread Group 1-25,text,true,,210,139,50,50,http://localhost:7071/api/metricsPerSensor,169283,0,1
1763382366839,175698,HTTP Request,200,OK,Thread Group 1-26,text,true,,210,139,50,50,http://localhost:7071/api/metricsPerSensor,175697,0,2
1763382374265,168961,HTTP Request,200,OK,Thread Group 1-45,text,true,,210,139,50,50,http://localhost:7071/api/metricsPerSensor,168961,0,1
1763382377535,167113,HTTP Request,200,OK,Thread Group 1-47,text,true,,210,139,50,50,http://localhost:7071/api/metricsPerSensor,167113,0,1
1763382379842,168163,HTTP Request,200,OK,Thread Group 1-29,text,true,,210,139,50,50,http://localhost:7071/api/metricsPerSensor,168162,0,1
1763382381672,166498,HTTP Request,200,OK,Thread Group 1-20,text,true,,210,139,50,50,http://localhost:7071/api/metricsPerSensor,166498,0,1
1763382385675,164369,HTTP Request,200,OK,Thread Group 1-40,text,true,,210,139,50,50,http://localhost:7071/api/metricsPerSensor,164368,0,1
1763382386969,164891,HTTP Request,200,OK,Thread Group 1-14,text,true,,210,139,50,50,http://localhost:7071/api/metricsPerSensor,164891,0,1
1763382386329,168229,HTTP Request,200,OK,Thread Group 1-21,text,true,,210,139,50,50,http://localhost:7071/api/metricsPerSensor,168229,0,1
1763382398005,159566,HTTP Request,200,OK,Thread Group 1-50,text,true,,210,139,50,50,http://localhost:7071/api/metricsPerSensor,159566,0,1
1763382389049,168775,HTTP Request,200,OK,Thread Group 1-48,text,true,,210,139,50,50,http://localhost:7071/api/metricsPerSensor,168775,0,1
1763382396039,163572,HTTP Request,200,OK,Thread Group 1-41,text,true,,210,139,50,50,http://localhost:7071/api/metricsPerSensor,163572,0,1
1763382392715,168740,HTTP Request,200,OK,Thread Group 1-31,text,true,,210,139,50,50,http://localhost:7071/api/metricsPerSensor,168740,0,1
1763382390939,172414,HTTP Request,200,OK,Thread Group 1-49,text,true,,210,139,50,50,http://localhost:7071/api/metricsPerSensor,172414,0,1
1763382394336,170536,HTTP Request,200,OK,Thread Group 1-44,text,true,,210,139,50,50,http://localhost:7071/api/metricsPerSensor,170536,0,1
1763382400334,167732,HTTP Request,200,OK,Thread Group 1-22,text,true,,210,139,50,50,http://localhost:7071/api/metricsPerSensor,167732,0,1
1763382415518,166007,HTTP Request,200,OK,Thread Group 1-33,text,true,,210,139,50,50,http://localhost:7071/api/metricsPerSensor,166007,0,1
1763382471834,165678,HTTP Request,200,OK,Thread Group 1-34,text,true,,210,139,50,50,http://localhost:7071/api/metricsPerSensor,165678,0,2
1763382476339,164277,HTTP Request,200,OK,Thread Group 1-35,text,true,,210,139,50,50,http://localhost:7071/api/metricsPerSensor,164277,0,1
1763382481510,163863,HTTP Request,200,OK,Thread Group 1-6,text,true,,210,139,50,50,http://localhost:7071/api/metricsPerSensor,163863,0,1
1763382479584,167345,HTTP Request,200,OK,Thread Group 1-1,text,true,,210,139,50,50,http://localhost:7071/api/metricsPerSensor,167345,0,1
1763382494047,156550,HTTP Request,200,OK,Thread Group 1-10,text,true,,210,139,50,50,http://localhost:7071/api/metricsPerSensor,156550,0,2
1763382488231,164175,HTTP Request,200,OK,Thread Group 1-2,text,true,,210,139,50,50,http://localhost:7071/api/metricsPerSensor,164175,0,1
1763382485766,168991,HTTP Request,200,OK,Thread Group 1-15,text,true,,210,139,50,50,http://localhost:7071/api/metricsPerSensor,168991,0,1
1763382514885,142067,HTTP Request,200,OK,Thread Group 1-19,text,true,,210,139,50,50,http://localhost:7071/api/metricsPerSensor,142067,0,1
1763382496029,162551,HTTP Request,200,OK,Thread Group 1-42,text,true,,210,139,50,50,http://localhost:7071/api/metricsPerSensor,162551,0,1
1763382492235,168796,HTTP Request,200,OK,Thread Group 1-5,text,true,,210,139,50,50,http://localhost:7071/api/metricsPerSensor,168796,0,1
1763382490556,172780,HTTP Request,200,OK,Thread Group 1-12,text,true,,210,139,50,50,http://localhost:7071/api/metricsPerSensor,172780,0,1
1763382498603,166282,HTTP Request,200,OK,Thread Group 1-7,text,true,,210,139,50,50,http://localhost:7071/api/metricsPerSensor,166282,0,2
1763382507802,159376,HTTP Request,200,OK,Thread Group 1-16,text,true,,210,139,50,50,http://localhost:7071/api/metricsPerSensor,159376,0,1
1763382500405,168275,HTTP Request,200,OK,Thread Group 1-4,text,true,,210,139,50,50,http://localhost:7071/api/metricsPerSensor,168275,0,1
1763382507340,164499,HTTP Request,200,OK,Thread Group 1-17,text,true,,210,139,50,50,http://localhost:7071/api/metricsPerSensor,164499,0,1
1763382509264,163055,HTTP Request,200,OK,Thread Group 1-27,text,true,,210,139,50,50,http://localhost:7071/api/metricsPerSensor,163055,0,1
1763382515193,159063,HTTP Request,200,OK,Thread Group 1-3,text,true,,210,139,50,50,http://localhost:7071/api/metricsPerSensor,159062,0,1
1763382502753,173013,HTTP Request,200,OK,Thread Group 1-30,text,true,,210,139,50,50,http://localhost:7071/api/metricsPerSensor,173013,0,2
1763382517447,160174,HTTP Request,200,OK,Thread Group 1-13,text,true,,210,139,50,50,http://localhost:7071/api/metricsPerSensor,160174,0,1
1763382548005,131130,HTTP Request,200,OK,Thread Group 1-29,text,true,,210,139,50,50,http://localhost:7071/api/metricsPerSensor,131130,0,1
1763382504444,176325,HTTP Request,200,OK,Thread Group 1-36,text,true,,210,139,50,50,http://localhost:7071/api/metricsPerSensor,176325,0,1
1763382514268,168764,HTTP Request,200,OK,Thread Group 1-38,text,true,,210,139,50,50,http://localhost:7071/api/metricsPerSensor,168763,0,1
1763382522579,162451,HTTP Request,200,OK,Thread Group 1-39,text,true,,210,139,50,50,http://localhost:7071/api/metricsPerSensor,162451,0,1
1763382524403,162041,HTTP Request,200,OK,Thread Group 1-8,text,true,,210,139,50,50,http://localhost:7071/api/metricsPerSensor,162041,0,1
1763382529243,158922,HTTP Request,200,OK,Thread Group 1-46,text,true,,210,139,50,50,http://localhost:7071/api/metricsPerSensor,158922,0,0
1763382520123,171210,HTTP Request,200,OK,Thread Group 1-23,text,true,,210,139,50,50,http://localhost:7071/api/metricsPerSensor,171210,0,1
1763382532643,158776,HTTP Request,200,OK,Thread Group 1-32,text,true,,210,139,50,50,http://localhost:7071/api/metricsPerSensor,158776,0,1
1763382534477,158792,HTTP Request,200,OK,Thread Group 1-9,text,true,,210,139,50,50,http://localhost:7071/api/metricsPerSensor,158792,0,2
1763382520808,173855,HTTP Request,200,OK,Thread Group 1-11,text,true,,210,139,50,50,http://localhost:7071/api/metricsPerSensor,173855,0,1
1763382537882,158625,HTTP Request,200,OK,Thread Group 1-37,text,true,,210,139,50,50,http://localhost:7071/api/metricsPerSensor,158624,0,1
1763382532582,165519,HTTP Request,200,OK,Thread Group 1-18,text,true,,210,139,50,50,http://localhost:7071/api/metricsPerSensor,165519,0,2
1763382529521,170339,HTTP Request,200,OK,Thread Group 1-28,text,true,,210,139,50,50,http://localhost:7071/api/metricsPerSensor,170339,0,1
1763382526208,175111,HTTP Request,200,OK,Thread Group 1-24,text,true,,210,139,50,50,http://localhost:7071/api/metricsPerSensor,175111,0,1
1763382564874,138409,HTTP Request,200,OK,Thread Group 1-44,text,true,,210,139,50,50,http://localhost:7071/api/metricsPerSensor,138409,0,1
1763382542537,162521,HTTP Request,200,OK,Thread Group 1-26,text,true,,210,139,50,50,http://localhost:7071/api/metricsPerSensor,162521,0,1
1763382540123,167964,HTTP Request,200,OK,Thread Group 1-25,text,true,,210,139,50,50,http://localhost:7071/api/metricsPerSensor,167964,0,1
1763382536084,172379,HTTP Request,200,OK,Thread Group 1-43,text,true,,210,139,50,50,http://localhost:7071/api/metricsPerSensor,172379,0,1
1763382543228,166870,HTTP Request,200,OK,Thread Group 1-45,text,true,,210,139,50,50,http://localhost:7071/api/metricsPerSensor,166870,0,1
1763382550044,161912,HTTP Request,200,OK,Thread Group 1-40,text,true,,210,139,50,50,http://localhost:7071/api/metricsPerSensor,161912,0,1
1763382544649,169479,HTTP Request,200,OK,Thread Group 1-47,text,true,,210,139,50,50,http://localhost:7071/api/metricsPerSensor,169479,0,1
1763382548170,169304,HTTP Request,200,OK,Thread Group 1-20,text,true,,210,139,50,50,http://localhost:7071/api/metricsPerSensor,169304,0,1
1763382551860,165857,HTTP Request,200,OK,Thread Group 1-14,text,true,,210,139,50,50,http://localhost:7071/api/metricsPerSensor,165857,0,1
1763382554559,165451,HTTP Request,200,OK,Thread Group 1-21,text,true,,210,139,50,50,http://localhost:7071/api/metricsPerSensor,165450,0,3
1763382559612,161994,HTTP Request,200,OK,Thread Group 1-41,text,true,,210,139,50,50,http://localhost:7071/api/metricsPerSensor,161994,0,1
1763382557824,167141,HTTP Request,200,OK,Thread Group 1-48,text,true,,210,139,50,50,http://localhost:7071/api/metricsPerSensor,167141,0,1
1763382563353,161619,HTTP Request,200,OK,Thread Group 1-49,text,true,,210,139,50,50,http://localhost:7071/api/metricsPerSensor,161619,0,1
1763382557571,169362,HTTP Request,200,OK,Thread Group 1-50,text,true,,210,139,50,50,http://localhost:7071/api/metricsPerSensor,169362,0,1
1763382561456,167741,HTTP Request,200,OK,Thread Group 1-31,text,true,,210,139,50,50,http://localhost:7071/api/metricsPerSensor,167741,0,1
1763382568067,163913,HTTP Request,200,OK,Thread Group 1-22,text,true,,210,139,50,50,http://localhost:7071/api/metricsPerSensor,163913,0,1
1763382581525,163527,HTTP Request,200,OK,Thread Group 1-33,text,true,,210,139,50,50,http://localhost:7071/api/metricsPerSensor,163527,0,1
1763382637513,164983,HTTP Request,200,OK,Thread Group 1-34,text,true,,210,139,50,50,http://localhost:7071/api/metricsPerSensor,164983,0,2
1763382640617,165440,HTTP Request,200,OK,Thread Group 1-35,text,true,,210,139,50,50,http://localhost:7071/api/metricsPerSensor,165439,0,0
1763382645372,162986,HTTP Request,200,OK,Thread Group 1-6,text,true,,210,139,50,50,http://localhost:7071/api/metricsPerSensor,162985,0,1
1763382646929,166804,HTTP Request,200,OK,Thread Group 1-1,text,true,,210,139,50,50,http://localhost:7071/api/metricsPerSensor,166804,0,1
1763382656953,160093,HTTP Request,200,OK,Thread Group 1-19,text,true,,210,139,50,50,http://localhost:7071/api/metricsPerSensor,160093,0,1
1763382650598,168413,HTTP Request,200,OK,Thread Group 1-10,text,true,,210,139,50,50,http://localhost:7071/api/metricsPerSensor,168413,0,1
1763382664885,160808,HTTP Request,200,OK,Thread Group 1-7,text,true,,210,139,50,50,http://localhost:7071/api/metricsPerSensor,160808,0,1
1763382663338,162454,HTTP Request,200,OK,Thread Group 1-12,text,true,,210,139,50,50,http://localhost:7071/api/metricsPerSensor,162453,0,1
1763382671839,153954,HTTP Request,200,OK,Thread Group 1-17,text,true,,210,139,50,50,http://localhost:7071/api/metricsPerSensor,153954,0,1
1763382654757,171167,HTTP Request,200,OK,Thread Group 1-15,text,true,,210,139,50,50,http://localhost:7071/api/metricsPerSensor,171167,0,1
1763382668680,162028,HTTP Request,200,OK,Thread Group 1-4,text,true,,210,139,50,50,http://localhost:7071/api/metricsPerSensor,162028,0,2
1763382672319,158422,HTTP Request,200,OK,Thread Group 1-27,text,true,,210,139,50,50,http://localhost:7071/api/metricsPerSensor,158422,0,1
1763382658582,172344,HTTP Request,200,OK,Thread Group 1-42,text,true,,210,139,50,50,http://localhost:7071/api/metricsPerSensor,172344,0,1
1763382686445,146259,HTTP Request,200,OK,Thread Group 1-8,text,true,,210,139,50,50,http://localhost:7071/api/metricsPerSensor,146259,0,1
1763382679136,155098,HTTP Request,200,OK,Thread Group 1-29,text,true,,210,139,50,50,http://localhost:7071/api/metricsPerSensor,155098,0,1
1763382652407,185405,HTTP Request,200,OK,Thread Group 1-2,text,true,,210,139,50,50,http://localhost:7071/api/metricsPerSensor,185405,0,1
1763382667178,170708,HTTP Request,200,OK,Thread Group 1-16,text,true,,210,139,50,50,http://localhost:7071/api/metricsPerSensor,170708,0,1
1763382661032,179106,HTTP Request,200,OK,Thread Group 1-5,text,true,,210,139,50,50,http://localhost:7071/api/metricsPerSensor,179106,0,1
1763382698102,144350,HTTP Request,200,OK,Thread Group 1-18,text,true,,210,139,50,50,http://localhost:7071/api/metricsPerSensor,144350,0,1
1763382674256,169846,HTTP Request,200,OK,Thread Group 1-3,text,true,,210,139,50,50,http://localhost:7071/api/metricsPerSensor,169846,0,1
1763382680770,165045,HTTP Request,200,OK,Thread Group 1-36,text,true,,210,139,50,50,http://localhost:7071/api/metricsPerSensor,165045,0,1
1763382693270,154466,HTTP Request,200,OK,Thread Group 1-9,text,true,,210,139,50,50,http://localhost:7071/api/metricsPerSensor,154466,0,1
1763382691333,158682,HTTP Request,200,OK,Thread Group 1-23,text,true,,210,139,50,50,http://localhost:7071/api/metricsPerSensor,158682,0,1
1763382688165,164075,HTTP Request,200,OK,Thread Group 1-46,text,true,,210,139,50,50,http://localhost:7071/api/metricsPerSensor,164075,0,1
1763382675767,177676,HTTP Request,200,OK,Thread Group 1-30,text,true,,210,139,50,50,http://localhost:7071/api/metricsPerSensor,177676,0,1
1763382696507,158835,HTTP Request,200,OK,Thread Group 1-37,text,true,,210,139,50,50,http://localhost:7071/api/metricsPerSensor,158835,0,1
1763382708087,149449,HTTP Request,200,OK,Thread Group 1-25,text,true,,210,139,50,50,http://localhost:7071/api/metricsPerSensor,149449,0,1
1763382677623,181786,HTTP Request,200,OK,Thread Group 1-13,text,true,,210,139,50,50,http://localhost:7071/api/metricsPerSensor,181786,0,0
1763382711957,149014,HTTP Request,200,OK,Thread Group 1-40,text,true,,210,139,50,50,http://localhost:7071/api/metricsPerSensor,149014,0,1
1763382683031,180110,HTTP Request,200,OK,Thread Group 1-38,text,true,,210,139,50,50,http://localhost:7071/api/metricsPerSensor,180110,0,1
1763382691418,173176,HTTP Request,200,OK,Thread Group 1-32,text,true,,210,139,50,50,http://localhost:7071/api/metricsPerSensor,173176,0,1
1763382717716,150327,HTTP Request,200,OK,Thread Group 1-14,text,true,,210,139,50,50,http://localhost:7071/api/metricsPerSensor,150327,0,1
1763382703284,164829,HTTP Request,200,OK,Thread Group 1-44,text,true,,210,139,50,50,http://localhost:7071/api/metricsPerSensor,164829,0,1
1763382710098,160825,HTTP Request,200,OK,Thread Group 1-45,text,true,,210,139,50,50,http://localhost:7071/api/metricsPerSensor,160825,0,1
1763382694664,176880,HTTP Request,200,OK,Thread Group 1-11,text,true,,210,139,50,50,http://localhost:7071/api/metricsPerSensor,176880,0,1
1763382699861,175383,HTTP Request,200,OK,Thread Group 1-28,text,true,,210,139,50,50,http://localhost:7071/api/metricsPerSensor,175383,0,1
1763382685031,190220,HTTP Request,200,OK,Thread Group 1-39,text,true,,210,139,50,50,http://localhost:7071/api/metricsPerSensor,190220,0,0
1763382708464,168602,HTTP Request,200,OK,Thread Group 1-43,text,true,,210,139,50,50,http://localhost:7071/api/metricsPerSensor,168602,0,0
1763382724966,155141,HTTP Request,200,OK,Thread Group 1-48,text,true,,210,139,50,50,http://localhost:7071/api/metricsPerSensor,155141,0,1
1763382701320,179247,HTTP Request,200,OK,Thread Group 1-24,text,true,,210,139,50,50,http://localhost:7071/api/metricsPerSensor,179247,0,1
1763382714128,168318,HTTP Request,200,OK,Thread Group 1-47,text,true,,210,139,50,50,http://localhost:7071/api/metricsPerSensor,168317,0,1
1763382705058,179315,HTTP Request,200,OK,Thread Group 1-26,text,true,,210,139,50,50,http://localhost:7071/api/metricsPerSensor,179315,0,1
1763382729196,157575,HTTP Request,200,OK,Thread Group 1-31,text,true,,210,139,50,50,http://localhost:7071/api/metricsPerSensor,157575,0,1
1763382721606,167576,HTTP Request,200,OK,Thread Group 1-41,text,true,,210,139,50,50,http://localhost:7071/api/metricsPerSensor,167576,0,1
1763382717473,174139,HTTP Request,200,OK,Thread Group 1-20,text,true,,210,139,50,50,http://localhost:7071/api/metricsPerSensor,174139,0,1
1763382720009,173567,HTTP Request,200,OK,Thread Group 1-21,text,true,,210,139,50,50,http://localhost:7071/api/metricsPerSensor,173566,0,1
1763382726934,168632,HTTP Request,200,OK,Thread Group 1-50,text,true,,210,139,50,50,http://localhost:7071/api/metricsPerSensor,168632,0,1
1763382724973,172825,HTTP Request,200,OK,Thread Group 1-49,text,true,,210,139,50,50,http://localhost:7071/api/metricsPerSensor,172825,0,1
1763382731979,169505,HTTP Request,200,OK,Thread Group 1-22,text,true,,210,139,50,50,http://localhost:7071/api/metricsPerSensor,169505,0,2
1763382745052,168984,HTTP Request,200,OK,Thread Group 1-33,text,true,,210,139,50,50,http://localhost:7071/api/metricsPerSensor,168984,0,1
1763382808358,161097,HTTP Request,200,OK,Thread Group 1-6,text,true,,210,139,50,50,http://localhost:7071/api/metricsPerSensor,161097,0,1
1763382802495,172190,HTTP Request,200,OK,Thread Group 1-34,text,true,,210,139,50,50,http://localhost:7071/api/metricsPerSensor,172190,0,2
1763382806056,172037,HTTP Request,200,OK,Thread Group 1-35,text,true,,210,139,50,50,http://localhost:7071/api/metricsPerSensor,172037,0,2
1763382813734,168167,HTTP Request,200,OK,Thread Group 1-1,text,true,,210,139,50,50,http://localhost:7071/api/metricsPerSensor,168167,0,1
1763382830741,152902,HTTP Request,200,OK,Thread Group 1-27,text,true,,210,139,50,50,http://localhost:7071/api/metricsPerSensor,152902,0,1
1763382830926,155350,HTTP Request,200,OK,Thread Group 1-42,text,true,,210,139,50,50,http://localhost:7071/api/metricsPerSensor,155350,0,1
1763382825925,162593,HTTP Request,200,OK,Thread Group 1-15,text,true,,210,139,50,50,http://localhost:7071/api/metricsPerSensor,162593,0,1
1763382817046,173921,HTTP Request,200,OK,Thread Group 1-19,text,true,,210,139,50,50,http://localhost:7071/api/metricsPerSensor,173920,0,0
1763382825693,168385,HTTP Request,200,OK,Thread Group 1-7,text,true,,210,139,50,50,http://localhost:7071/api/metricsPerSensor,168385,0,1
1763382834234,160143,HTTP Request,200,OK,Thread Group 1-29,text,true,,210,139,50,50,http://localhost:7071/api/metricsPerSensor,160143,0,1
1763382832704,163240,HTTP Request,200,OK,Thread Group 1-8,text,true,,210,139,50,50,http://localhost:7071/api/metricsPerSensor,163240,0,2
1763382853443,146067,HTTP Request,200,OK,Thread Group 1-30,text,true,,210,139,50,50,http://localhost:7071/api/metricsPerSensor,146067,0,1
1763382830708,169091,HTTP Request,200,OK,Thread Group 1-4,text,true,,210,139,50,50,http://localhost:7071/api/metricsPerSensor,169091,0,1
1763382819011,182385,HTTP Request,200,OK,Thread Group 1-10,text,true,,210,139,50,50,http://localhost:7071/api/metricsPerSensor,182385,0,2
1763382840137,163358,HTTP Request,200,OK,Thread Group 1-5,text,true,,210,139,50,50,http://localhost:7071/api/metricsPerSensor,163358,0,1
1763382825792,179769,HTTP Request,200,OK,Thread Group 1-12,text,true,,210,139,50,50,http://localhost:7071/api/metricsPerSensor,179769,0,1
1763382845815,161260,HTTP Request,200,OK,Thread Group 1-36,text,true,,210,139,49,49,http://localhost:7071/api/metricsPerSensor,161260,0,1
1763382825794,183153,HTTP Request,200,OK,Thread Group 1-17,text,true,,210,139,49,49,http://localhost:7071/api/metricsPerSensor,183153,0,1
1763382837812,172646,HTTP Request,200,OK,Thread Group 1-2,text,true,,210,139,49,49,http://localhost:7071/api/metricsPerSensor,172646,0,1
1763382837885,174173,HTTP Request,200,OK,Thread Group 1-16,text,true,,210,139,48,48,http://localhost:7071/api/metricsPerSensor,174173,0,2
1763382847737,166007,HTTP Request,200,OK,Thread Group 1-9,text,true,,210,139,48,48,http://localhost:7071/api/metricsPerSensor,166007,0,1
1763382842453,173188,HTTP Request,200,OK,Thread Group 1-18,text,true,,210,139,48,48,http://localhost:7071/api/metricsPerSensor,173188,0,1
1763382844102,172957,HTTP Request,200,OK,Thread Group 1-3,text,true,,210,139,48,48,http://localhost:7071/api/metricsPerSensor,172957,0,1
1763382850017,169675,HTTP Request,200,OK,Thread Group 1-23,text,true,,210,139,47,47,http://localhost:7071/api/metricsPerSensor,169675,0,1
1763382852241,169202,HTTP Request,200,OK,Thread Group 1-46,text,true,,210,139,47,47,http://localhost:7071/api/metricsPerSensor,169202,0,1
1763382859409,163881,HTTP Request,200,OK,Thread Group 1-13,text,true,,210,139,47,47,http://localhost:7071/api/metricsPerSensor,163881,0,1
1763382864596,163850,HTTP Request,200,OK,Thread Group 1-32,text,true,,210,139,47,47,http://localhost:7071/api/metricsPerSensor,163850,0,1
1763382855342,173157,HTTP Request,200,OK,Thread Group 1-37,text,true,,210,139,47,47,http://localhost:7071/api/metricsPerSensor,173157,0,1
1763382857536,171033,HTTP Request,200,OK,Thread Group 1-25,text,true,,210,139,46,46,http://localhost:7071/api/metricsPerSensor,171033,0,1
1763382868113,162193,HTTP Request,200,OK,Thread Group 1-44,text,true,,210,139,46,46,http://localhost:7071/api/metricsPerSensor,162193,0,1
1763382860971,172674,HTTP Request,200,OK,Thread Group 1-40,text,true,,210,139,46,46,http://localhost:7071/api/metricsPerSensor,172674,0,1
1763382868044,165719,HTTP Request,200,OK,Thread Group 1-14,text,true,,210,139,46,46,http://localhost:7071/api/metricsPerSensor,165719,0,1
1763382863142,173020,HTTP Request,200,OK,Thread Group 1-38,text,true,,210,139,46,46,http://localhost:7071/api/metricsPerSensor,173020,0,2
1763382870924,166757,HTTP Request,200,OK,Thread Group 1-45,text,true,,210,139,46,46,http://localhost:7071/api/metricsPerSensor,166757,0,1
1763382875253,164643,HTTP Request,200,OK,Thread Group 1-39,text,true,,210,139,46,46,http://localhost:7071/api/metricsPerSensor,164643,0,1
1763382877066,165246,HTTP Request,200,OK,Thread Group 1-43,text,true,,210,139,46,46,http://localhost:7071/api/metricsPerSensor,165246,0,2
1763382882446,160468,HTTP Request,200,OK,Thread Group 1-47,text,true,,210,139,46,46,http://localhost:7071/api/metricsPerSensor,160468,0,1
1763382871544,173238,HTTP Request,200,OK,Thread Group 1-11,text,true,,210,139,46,46,http://localhost:7071/api/metricsPerSensor,173238,0,1
1763382880567,165885,HTTP Request,200,OK,Thread Group 1-24,text,true,,210,139,46,46,http://localhost:7071/api/metricsPerSensor,165885,0,1
1763382875245,173432,HTTP Request,200,OK,Thread Group 1-28,text,true,,210,139,46,46,http://localhost:7071/api/metricsPerSensor,173432,0,1
1763382884374,165750,HTTP Request,200,OK,Thread Group 1-26,text,true,,210,139,46,46,http://localhost:7071/api/metricsPerSensor,165750,0,0
1763382880108,172099,HTTP Request,200,OK,Thread Group 1-48,text,true,,210,139,46,46,http://localhost:7071/api/metricsPerSensor,172099,0,1
1763383046453,6027,HTTP Request,500,Internal Server Error,Thread Group 1-24,text,false,,635,139,46,46,http://localhost:7071/api/metricsPerSensor,6027,0,1
1763382886773,167813,HTTP Request,200,OK,Thread Group 1-31,text,true,,210,139,45,45,http://localhost:7071/api/metricsPerSensor,167813,0,1
1763382889184,167218,HTTP Request,200,OK,Thread Group 1-41,text,true,,210,139,45,45,http://localhost:7071/api/metricsPerSensor,167218,0,1
1763382891613,167468,HTTP Request,200,OK,Thread Group 1-20,text,true,,210,139,45,45,http://localhost:7071/api/metricsPerSensor,167468,0,1
1763382893576,167631,HTTP Request,200,OK,Thread Group 1-21,text,true,,210,139,45,45,http://localhost:7071/api/metricsPerSensor,167631,0,2
1763382897798,165123,HTTP Request,200,OK,Thread Group 1-49,text,true,,210,139,45,45,http://localhost:7071/api/metricsPerSensor,165123,0,1
1763382895565,169574,HTTP Request,200,OK,Thread Group 1-50,text,true,,210,139,45,45,http://localhost:7071/api/metricsPerSensor,169574,0,1
1763382901486,165572,HTTP Request,200,OK,Thread Group 1-22,text,true,,210,139,45,45,http://localhost:7071/api/metricsPerSensor,165571,0,1
1763382914036,164837,HTTP Request,200,OK,Thread Group 1-33,text,true,,210,139,44,44,http://localhost:7071/api/metricsPerSensor,164837,0,1
1763382969456,157106,HTTP Request,200,OK,Thread Group 1-6,text,true,,210,139,43,43,http://localhost:7071/api/metricsPerSensor,157106,0,2
1763382974686,154740,HTTP Request,200,OK,Thread Group 1-34,text,true,,210,139,42,42,http://localhost:7071/api/metricsPerSensor,154740,0,1
1763382978095,156509,HTTP Request,200,OK,Thread Group 1-35,text,true,,210,139,41,41,http://localhost:7071/api/metricsPerSensor,156509,0,1
1763382983644,152662,HTTP Request,200,OK,Thread Group 1-27,text,true,,210,139,40,40,http://localhost:7071/api/metricsPerSensor,152662,0,2
1763382994378,143891,HTTP Request,200,OK,Thread Group 1-29,text,true,,210,139,39,39,http://localhost:7071/api/metricsPerSensor,143891,0,1
1763382986276,153838,HTTP Request,200,OK,Thread Group 1-42,text,true,,210,139,38,38,http://localhost:7071/api/metricsPerSensor,153838,0,1
1763382994078,147664,HTTP Request,200,OK,Thread Group 1-7,text,true,,210,139,37,37,http://localhost:7071/api/metricsPerSensor,147664,0,1
1763382981902,162200,HTTP Request,200,OK,Thread Group 1-1,text,true,,210,139,36,36,http://localhost:7071/api/metricsPerSensor,162200,0,1
1763382999800,146356,HTTP Request,200,OK,Thread Group 1-4,text,true,,210,139,35,35,http://localhost:7071/api/metricsPerSensor,146356,0,1
1763383007076,140760,HTTP Request,200,OK,Thread Group 1-36,text,true,,210,139,34,34,http://localhost:7071/api/metricsPerSensor,140760,0,1
1763382995946,153785,HTTP Request,200,OK,Thread Group 1-8,text,true,,210,139,33,33,http://localhost:7071/api/metricsPerSensor,153785,0,1
1763383001397,151566,HTTP Request,200,OK,Thread Group 1-10,text,true,,210,139,32,32,http://localhost:7071/api/metricsPerSensor,151566,0,1
1763382988518,164452,HTTP Request,200,OK,Thread Group 1-15,text,true,,210,139,31,31,http://localhost:7071/api/metricsPerSensor,164452,0,1
1763382999512,155163,HTTP Request,200,OK,Thread Group 1-30,text,true,,210,139,30,30,http://localhost:7071/api/metricsPerSensor,155163,0,1
1763382990968,165457,HTTP Request,200,OK,Thread Group 1-19,text,true,,210,139,29,29,http://localhost:7071/api/metricsPerSensor,165457,0,1
1763383003496,154662,HTTP Request,200,OK,Thread Group 1-5,text,true,,210,139,28,28,http://localhost:7071/api/metricsPerSensor,154662,0,1
1763383012059,147699,HTTP Request,200,OK,Thread Group 1-16,text,true,,210,139,27,27,http://localhost:7071/api/metricsPerSensor,147698,0,1
1763383008946,152403,HTTP Request,200,OK,Thread Group 1-17,text,true,,210,139,26,26,http://localhost:7071/api/metricsPerSensor,152403,0,1
1763383037682,125905,HTTP Request,200,OK,Thread Group 1-45,text,true,,210,139,25,25,http://localhost:7071/api/metricsPerSensor,125905,0,1
1763383042915,122383,HTTP Request,200,OK,Thread Group 1-47,text,true,,210,139,24,24,http://localhost:7071/api/metricsPerSensor,122383,0,1
1763383030306,136742,HTTP Request,200,OK,Thread Group 1-44,text,true,,210,139,23,23,http://localhost:7071/api/metricsPerSensor,136742,0,2
1763383013744,154940,HTTP Request,200,OK,Thread Group 1-9,text,true,,210,139,22,22,http://localhost:7071/api/metricsPerSensor,154940,0,2
1763383015641,154924,HTTP Request,200,OK,Thread Group 1-18,text,true,,210,139,21,21,http://localhost:7071/api/metricsPerSensor,154924,0,1
1763383033645,138432,HTTP Request,200,OK,Thread Group 1-40,text,true,,210,139,20,20,http://localhost:7071/api/metricsPerSensor,138432,0,1
1763383021443,154073,HTTP Request,200,OK,Thread Group 1-46,text,true,,210,139,19,19,http://localhost:7071/api/metricsPerSensor,154073,0,2
1763383028570,146952,HTTP Request,200,OK,Thread Group 1-25,text,true,,210,139,18,18,http://localhost:7071/api/metricsPerSensor,146952,0,1
1763383042312,134801,HTTP Request,200,OK,Thread Group 1-43,text,true,,210,139,17,17,http://localhost:7071/api/metricsPerSensor,134801,0,1
1763383019694,160238,HTTP Request,200,OK,Thread Group 1-23,text,true,,210,139,16,16,http://localhost:7071/api/metricsPerSensor,160237,0,1
1763383023289,156926,HTTP Request,200,OK,Thread Group 1-13,text,true,,210,139,15,15,http://localhost:7071/api/metricsPerSensor,156926,0,1
1763383028446,153483,HTTP Request,200,OK,Thread Group 1-32,text,true,,210,139,14,14,http://localhost:7071/api/metricsPerSensor,153483,0,1
1763383033763,149900,HTTP Request,200,OK,Thread Group 1-14,text,true,,210,139,13,13,http://localhost:7071/api/metricsPerSensor,149900,0,1
1763383044783,141315,HTTP Request,200,OK,Thread Group 1-11,text,true,,210,139,12,12,http://localhost:7071/api/metricsPerSensor,141315,0,1
1763383036161,150510,HTTP Request,200,OK,Thread Group 1-38,text,true,,210,139,11,11,http://localhost:7071/api/metricsPerSensor,150510,0,1
1763383050125,138289,HTTP Request,200,OK,Thread Group 1-26,text,true,,210,139,10,10,http://localhost:7071/api/metricsPerSensor,138289,0,1
1763383062922,128582,HTTP Request,200,OK,Thread Group 1-49,text,true,,210,139,9,9,http://localhost:7071/api/metricsPerSensor,128582,0,1
1763383052207,139298,HTTP Request,200,OK,Thread Group 1-48,text,true,,210,139,9,9,http://localhost:7071/api/metricsPerSensor,139298,0,1
1763383056402,137780,HTTP Request,200,OK,Thread Group 1-41,text,true,,210,139,7,7,http://localhost:7071/api/metricsPerSensor,137780,0,1
1763383039896,154527,HTTP Request,200,OK,Thread Group 1-39,text,true,,210,139,6,6,http://localhost:7071/api/metricsPerSensor,154527,0,1
1763383048678,148587,HTTP Request,200,OK,Thread Group 1-28,text,true,,210,139,5,5,http://localhost:7071/api/metricsPerSensor,148587,0,0
1763383061207,136509,HTTP Request,200,OK,Thread Group 1-21,text,true,,210,139,4,4,http://localhost:7071/api/metricsPerSensor,136509,0,2
1763383059081,141398,HTTP Request,200,OK,Thread Group 1-20,text,true,,210,139,3,3,http://localhost:7071/api/metricsPerSensor,141398,0,1
1763383054587,146251,HTTP Request,200,OK,Thread Group 1-31,text,true,,210,139,2,2,http://localhost:7071/api/metricsPerSensor,146251,0,1
1763383065141,137128,HTTP Request,200,OK,Thread Group 1-50,text,true,,210,139,1,1,http://localhost:7071/api/metricsPerSensor,137128,0,0
